{
    "accuracy": 0.635,
    "precision": 0.6197076741733358,
    "recall": 0.635,
    "f1": 0.6203338766417155
}