{
    "rmse": 0.7099146127833517,
    "mae": 0.5662991343823468,
    "r2": 0.24013040840062783
}