{
    "accuracy": 0.665,
    "precision": 0.6356147105219582,
    "recall": 0.665,
    "f1": 0.6496062566367766
}