{
    "accuracy": 0.847313490529571,
    "precision": 0.8474327707126296,
    "recall": 0.847313490529571,
    "f1": 0.8473061440986339
}