{
    "accuracy": 0.8415152686509471,
    "precision": 0.8415890828546829,
    "recall": 0.8415152686509471,
    "f1": 0.8415114323308105
}