{
    "rmse": 0.6634798312456995,
    "mae": 0.5144768983854155,
    "r2": 0.2926650481027214
}