{
    "rmse": 0.7147967776590402,
    "mae": 0.5641558981580259,
    "r2": 0.21512433910404039
}