{
    "rmse": 0.7090922126671197,
    "mae": 0.5429733258939099,
    "r2": 0.21037765919649531
}