{
    "accuracy": 0.8430614611519134,
    "precision": 0.8431700065577651,
    "recall": 0.8430614611519134,
    "f1": 0.843054754376749
}