{
    "accuracy": 0.8336594911937377,
    "precision": 0.826707337387785,
    "recall": 0.8336594911937377,
    "f1": 0.8250309018964447
}