{
    "accuracy": 0.65,
    "precision": 0.6080520881491756,
    "recall": 0.65,
    "f1": 0.626830955154339
}