{
    "accuracy": 0.8571428571428571,
    "precision": 0.8528224634736299,
    "recall": 0.8571428571428571,
    "f1": 0.8513166620830284
}