{
    "accuracy_score": 0.8469269424043293,
    "precision_score": 0.846930846930847,
    "recall_score": 0.8456167571761055,
    "f1_score": 0.8462732919254659
}