{
    "accuracy": 0.6525,
    "precision": 0.6455549450549449,
    "recall": 0.6525,
    "f1": 0.644550951313801
}