{
    "accuracy": 0.665,
    "precision": 0.6386818496917309,
    "recall": 0.665,
    "f1": 0.6501076213498865
}